java.util.ArrayList,-1,-1,-1,-1,-1,-1,-3,-66,-98,-24,-1,-1,-1,-1,-1,-60,-97,-31,-1,-1,-1,-1,-1,-19,-98,-44,-1,-1,-1,-1,-7,-80,-94,-79,-7,-1,-1,-1,-1,-1,116,-114,-85,-28,-9,-1,-1,-1,-1,-2,-1,-1,-8,-68,-88,-97,-104,89,77,-85,-1,-1,-1,-1,-14,-97,-86,-25,-1,-1,-1,-1,-1,-58,-89,-8,-1,-1,-1,-1,-1,-28,-101,-51,-1,-1,-1,-1,-1,-1,-82,-82,-2,-1,-1,-1,-1,-1,-1,-1,49,54,54,57,55,48,53,55,51,49,50,49,55,,
-1,-1,-1,-1,-1,-2,-50,-123,-116,-63,-1,-1,-5,-61,-114,-117,-68,-2,-1,-1,-116,-124,-113,-55,-2,-1,-1,-1,-1,-1,-80,-114,-112,-54,-3,-1,-1,-1,-1,-1,-1,-1,-2,-61,-113,-109,-23,-1,-1,-1,-1,-1,-1,-1,-1,-12,-107,82,92,-26,-1,-1,-1,-1,-1,-56,-118,-71,-60,-12,-1,-1,-1,-49,-115,-66,-1,-1,-1,-1,-1,-28,-117,-69,-3,-1,-1,-1,-1,-1,-123,-109,-2,-1,-1,-1,-1,-1,-1,-1,49,54,54,57,55,48,53,55,51,49,50,49,55,,
-117,46,111,114,117,117,126,-72,-29,-1,-1,-62,127,-18,-1,-1,-8,-67,-109,-83,-1,-1,-16,123,-54,-1,-1,-1,-1,-1,-1,-1,-1,-2,-93,-92,-1,-1,-1,-1,-1,-1,-1,-1,-1,-61,113,-17,-1,-1,-1,-1,-1,-1,-1,-1,-20,115,123,-20,-1,-1,-1,-1,-1,-2,-56,114,-128,-55,-1,-1,-3,-51,-122,117,-85,-3,-1,-1,-73,-120,100,-97,-19,-1,-1,-1,-1,-1,-74,-36,-1,-1,-1,-1,-1,-1,-1,-1,49,54,54,57,55,48,53,55,51,49,50,49,55,,
-1,-26,-63,-91,-91,-92,-90,-89,-91,-70,-123,106,-117,-68,-3,-1,-1,-1,-1,-1,-1,-1,-1,-27,-90,-90,-91,-62,-2,-1,-1,-1,-1,-1,-1,-1,-1,-43,90,-16,-1,-1,-1,-1,-1,-1,-49,-94,-10,-1,-1,-1,-1,-1,-17,-96,-55,-1,-1,-1,-1,-1,-1,-55,-86,-3,-1,-1,-1,-1,-1,-3,-91,-49,-1,-1,-1,-1,-1,-1,-14,-103,-16,-1,-1,-1,-1,-1,-1,-1,-91,-4,-1,-1,-1,-1,-1,-1,-1,-1,49,54,54,57,57,54,57,54,56,56,51,57,53,,
56,81,78,88,88,90,86,79,51,-38,-39,93,-53,-1,-1,-1,-1,-1,-1,-1,-1,-10,-127,-93,-6,-1,-1,-1,-1,-1,-1,-1,-2,-83,91,-94,-2,-1,-1,-1,-1,-1,-1,-1,-1,-84,103,-30,-1,-1,-1,-1,-1,-1,-1,-1,-25,108,-127,-12,-1,-1,-1,-1,-9,-45,126,80,24,118,-1,-1,-29,107,88,116,-54,-1,-1,-2,-79,72,88,-57,-1,-1,-1,-1,-1,-1,-25,-1,-1,-1,-1,-1,-1,-1,-1,-1,49,54,54,57,57,54,57,54,56,56,51,57,54,,
-1,-24,-96,125,127,-123,-123,-123,-126,-83,-1,-101,-112,-1,-1,-1,-1,-1,-1,-1,-1,-1,-61,-107,-3,-1,-1,-1,-1,-1,-1,-1,-1,-28,-128,-33,-1,-1,-1,-1,-1,-1,-1,-1,-4,-96,-125,-58,-10,-1,-1,-1,-1,-1,-1,-1,-7,-80,108,-15,-1,-1,-1,-1,-1,-54,-123,-124,127,-68,-1,-1,-1,-30,-125,-72,-3,-1,-1,-1,-2,-31,-124,-103,-10,-1,-1,-1,-1,-1,123,-104,-10,-1,-1,-1,-1,-1,-1,-1,49,54,54,57,57,54,57,54,56,56,51,57,54,,
-1,-1,-1,-1,-1,-4,-59,-114,-115,-77,-1,-1,-1,-17,-95,-116,-56,-3,-1,-1,-4,-69,-116,-100,-22,-1,-1,-1,-1,-1,69,96,-52,-10,-1,-1,-1,-1,-1,-1,-1,-5,-67,-104,-113,-115,-125,-53,-2,-1,-1,-1,-1,-1,-1,-1,-8,-76,108,-72,-1,-1,-1,-1,-1,-41,-111,-113,-99,-70,-1,-1,-1,-32,-120,-79,-8,-1,-1,-1,-2,-89,-119,-88,-6,-1,-1,-1,-1,-1,-103,-50,-1,-1,-1,-1,-1,-1,-1,-1,49,54,54,57,57,54,57,54,56,56,51,57,55,,
-1,-1,-1,-1,-1,-20,-72,-116,101,-41,-1,-56,-109,102,98,119,-83,-38,-2,-1,56,109,-61,-9,-1,-1,-1,-1,-1,-1,-9,112,-47,-1,-1,-1,-1,-1,-1,-1,-1,-2,-127,-90,-2,-1,-1,-1,-1,-1,-1,-1,-1,-72,99,-86,-6,-1,-1,-1,-1,-1,-1,-1,-2,-80,89,-96,-7,-1,-1,-8,-48,-52,-49,-48,-54,-128,57,-68,-80,70,-123,-108,-105,-105,-106,-107,-118,124,-1,-1,-1,-1,-1,-1,-1,-1,-1,-1,49,54,54,57,57,54,57,54,56,56,51,57,55,,
62,66,71,81,86,86,86,86,85,-109,121,-65,-1,-1,-1,-1,-1,-1,-1,-1,-2,-118,-114,-5,-1,-1,-1,-1,-1,-1,-1,-1,-77,90,-26,-1,-1,-1,-1,-1,-1,-1,-1,-21,102,-64,-1,-1,-1,-1,-1,-1,-1,-1,-14,-124,105,-26,-1,-1,-1,-1,-1,-1,-1,-1,-37,83,-82,-1,-1,-1,-2,-2,-1,-1,-1,-7,-125,-117,-54,-124,64,74,77,82,81,81,78,73,-92,-78,-4,-1,-1,-1,-1,-1,-1,-1,49,54,54,57,57,54,57,54,56,56,51,57,56,,
-1,-1,-1,-1,-1,-1,-9,-82,-92,-65,-1,-1,-1,-1,-2,-79,-87,-12,-1,-1,-1,-1,-1,-31,-98,-19,-1,-1,-1,-1,-17,-29,-114,118,-80,-79,-47,-1,-1,-1,-84,-84,-60,-23,-12,-11,-48,-94,-95,-43,-1,-1,-1,-1,-1,-1,-14,-96,-85,-62,-1,-1,-1,-1,-3,-79,-88,-4,-1,-1,-1,-1,-1,-29,-100,-20,-1,-1,-1,-1,-1,-1,-70,-74,-1,-1,-1,-1,-1,-1,-18,-104,-41,-1,-1,-1,-1,-1,-1,-1,0,0,1,-123,124,118,91,79,117,115,101,114,49,,
